-- MySQL dump 10.13  Distrib 8.0.43, for Win64 (x86_64)
--
-- Host: localhost    Database: sales_db
-- ------------------------------------------------------
-- Server version	8.0.43

/*!40101 SET @OLD_CHARACTER_SET_CLIENT=@@CHARACTER_SET_CLIENT */;
/*!40101 SET @OLD_CHARACTER_SET_RESULTS=@@CHARACTER_SET_RESULTS */;
/*!40101 SET @OLD_COLLATION_CONNECTION=@@COLLATION_CONNECTION */;
/*!50503 SET NAMES utf8 */;
/*!40103 SET @OLD_TIME_ZONE=@@TIME_ZONE */;
/*!40103 SET TIME_ZONE='+00:00' */;
/*!40014 SET @OLD_UNIQUE_CHECKS=@@UNIQUE_CHECKS, UNIQUE_CHECKS=0 */;
/*!40014 SET @OLD_FOREIGN_KEY_CHECKS=@@FOREIGN_KEY_CHECKS, FOREIGN_KEY_CHECKS=0 */;
/*!40101 SET @OLD_SQL_MODE=@@SQL_MODE, SQL_MODE='NO_AUTO_VALUE_ON_ZERO' */;
/*!40111 SET @OLD_SQL_NOTES=@@SQL_NOTES, SQL_NOTES=0 */;

--
-- Table structure for table `customers`
--

DROP TABLE IF EXISTS `customers`;
/*!40101 SET @saved_cs_client     = @@character_set_client */;
/*!50503 SET character_set_client = utf8mb4 */;
CREATE TABLE `customers` (
  `customer_id` text
) ENGINE=InnoDB DEFAULT CHARSET=utf8mb4 COLLATE=utf8mb4_0900_ai_ci;
/*!40101 SET character_set_client = @saved_cs_client */;

--
-- Dumping data for table `customers`
--

LOCK TABLES `customers` WRITE;
/*!40000 ALTER TABLE `customers` DISABLE KEYS */;
INSERT INTO `customers` VALUES ('C024'),('C001'),('C015'),('C005'),('C034'),('C048'),('C007'),('C003'),('C025'),('Unknown'),('C043'),('C040'),('C020'),('C013'),('C041'),('C009'),('C049'),('C004'),('C046'),('C039'),('C006'),('C028'),('C033'),('C026'),('C022'),('C011'),('C042'),('C030'),('C014'),('C029'),('C032'),('C002'),('C047'),('C012'),('C050'),('C019'),('C010'),('C035'),('C045'),('C016'),('C038'),('C036'),('C008'),('C023'),('C031'),('C018'),('C037'),('C021'),('C027'),('C044'),('C017');
/*!40000 ALTER TABLE `customers` ENABLE KEYS */;
UNLOCK TABLES;

--
-- Table structure for table `products`
--

DROP TABLE IF EXISTS `products`;
/*!40101 SET @saved_cs_client     = @@character_set_client */;
/*!50503 SET character_set_client = utf8mb4 */;
CREATE TABLE `products` (
  `product_id` text,
  `product_name` text,
  `category` text,
  `price` double DEFAULT NULL
) ENGINE=InnoDB DEFAULT CHARSET=utf8mb4 COLLATE=utf8mb4_0900_ai_ci;
/*!40101 SET character_set_client = @saved_cs_client */;

--
-- Dumping data for table `products`
--

LOCK TABLES `products` WRITE;
/*!40000 ALTER TABLE `products` DISABLE KEYS */;
INSERT INTO `products` VALUES ('P03','Monitor','Electronics',299.5),('P02','Mouse','Accessories',19.99),('P05','Smartphone','Electronics',799.99),('P04','Keyboard','Accessories',49.99),('P06','Headphones','Accessories',89.99),('P07','Tablet','Electronics',499.99),('P01','Laptop','Electronics',999.99);
/*!40000 ALTER TABLE `products` ENABLE KEYS */;
UNLOCK TABLES;

--
-- Table structure for table `transaction_items`
--

DROP TABLE IF EXISTS `transaction_items`;
/*!40101 SET @saved_cs_client     = @@character_set_client */;
/*!50503 SET character_set_client = utf8mb4 */;
CREATE TABLE `transaction_items` (
  `transaction_id` text,
  `product_id` text,
  `quantity` bigint DEFAULT NULL,
  `price` double DEFAULT NULL,
  `total_value` double DEFAULT NULL,
  `negative_quantity_flag` tinyint(1) DEFAULT NULL
) ENGINE=InnoDB DEFAULT CHARSET=utf8mb4 COLLATE=utf8mb4_0900_ai_ci;
/*!40101 SET character_set_client = @saved_cs_client */;

--
-- Dumping data for table `transaction_items`
--

LOCK TABLES `transaction_items` WRITE;
/*!40000 ALTER TABLE `transaction_items` DISABLE KEYS */;
INSERT INTO `transaction_items` VALUES ('T0001','P03',4,299.5,1198,0),('T0002','P02',5,19.99,99.94999999999999,0),('T0003','P02',9,19.99,179.91,0),('T0004','P05',3,799.99,2399.9700000000003,0),('T0005','P02',7,19.99,139.92999999999998,0),('T0006','P05',2,799.99,1599.98,0),('T0007','P02',8,19.99,159.92,0),('T0008','P04',11,49.99,549.89,0),('T0009','P06',0,89.99,0,1),('T0010','P04',2,49.99,99.98,0),('T0011','P06',0,89.99,0,0),('T0012','P03',0,299.5,0,1),('T0013','P04',0,49.99,0,1),('T0014','P04',12,49.99,599.88,0),('T0015','P04',5,49.99,249.95000000000002,0),('T0016','P06',5,89.99,449.95,0),('T0017','P05',0,799.99,0,1),('T0018','P02',2,19.99,39.98,0),('T0019','P03',5,299.5,1497.5,0),('T0020','P02',0,19.99,0,1),('T0021','P06',0,89.99,0,1),('T0022','P05',0,799.99,0,1),('T0023','P03',3,299.5,898.5,0),('T0024','P04',6,49.99,299.94,0),('T0025','P07',1,499.99,499.99,0),('T0026','P06',0,89.99,0,1),('T0027','P06',0,89.99,0,1),('T0028','P07',2,499.99,999.98,0),('T0029','P01',0,999.99,0,1),('T0030','P07',7,499.99,3499.9300000000003,0),('T0031','P04',1,49.99,49.99,0),('T0032','P07',2,499.99,999.98,0),('T0033','P06',2,89.99,179.98,0),('T0034','P01',6,999.99,5999.9400000000005,0),('T0035','P06',10,89.99,899.9,0),('T0036','P05',0,799.99,0,1),('T0037','P06',0,89.99,0,1),('T0038','P01',0,999.99,0,1),('T0039','P04',0,49.99,0,1),('T0040','P04',5,49.99,249.95000000000002,0),('T0041','P05',6,799.99,4799.9400000000005,0),('T0042','P07',3,499.99,1499.97,0),('T0043','P07',0,499.99,0,1),('T0044','P01',8,999.99,7999.92,0),('T0045','P06',0,89.99,0,1),('T0046','P01',12,999.99,11999.880000000001,0),('T0047','P02',11,19.99,219.89,0),('T0048','P02',8,19.99,159.92,0),('T0049','P05',9,799.99,7199.91,0),('T0050','P06',8,89.99,719.92,0),('T0051','P07',0,499.99,0,0),('T0052','P01',0,999.99,0,1),('T0053','P02',1,19.99,19.99,0),('T0054','P05',1,799.99,799.99,0),('T0055','P03',11,299.5,3294.5,0),('T0056','P01',1,999.99,999.99,0),('T0057','P03',6,299.5,1797,0),('T0058','P02',8,19.99,159.92,0),('T0059','P06',3,89.99,269.96999999999997,0),('T0060','P06',0,89.99,0,1),('T0061','P07',0,499.99,0,0),('T0062','P05',3,799.99,2399.9700000000003,0),('T0063','P04',7,49.99,349.93,0),('T0064','P01',0,999.99,0,0),('T0065','P01',0,999.99,0,1),('T0066','P03',10,299.5,2995,0),('T0067','P03',4,299.5,1198,0),('T0068','P02',0,19.99,0,0),('T0069','P04',10,49.99,499.90000000000003,0),('T0070','P03',0,299.5,0,0),('T0071','P01',1,999.99,999.99,0),('T0072','P07',9,499.99,4499.91,0),('T0073','P03',8,299.5,2396,0),('T0074','P05',0,799.99,0,1),('T0075','P06',4,89.99,359.96,0),('T0076','P03',0,299.5,0,1),('T0077','P05',11,799.99,8799.89,0),('T0078','P06',0,89.99,0,1),('T0079','P04',0,49.99,0,1),('T0080','P04',0,49.99,0,1),('T0081','P06',7,89.99,629.93,0),('T0082','P01',0,999.99,0,1),('T0083','P04',5,49.99,249.95000000000002,0),('T0084','P02',7,19.99,139.92999999999998,0),('T0085','P05',5,799.99,3999.95,0),('T0086','P06',10,89.99,899.9,0),('T0087','P06',3,89.99,269.96999999999997,0),('T0088','P07',8,499.99,3999.92,0),('T0089','P03',12,299.5,3594,0),('T0090','P06',12,89.99,1079.8799999999999,0),('T0091','P04',6,49.99,299.94,0),('T0092','P04',0,49.99,0,1),('T0093','P02',1,19.99,19.99,0),('T0094','P02',3,19.99,59.97,0),('T0095','P06',0,89.99,0,1),('T0096','P01',0,999.99,0,1),('T0097','P02',2,19.99,39.98,0),('T0098','P07',7,499.99,3499.9300000000003,0),('T0099','P02',1,19.99,19.99,0),('T0100','P07',3,499.99,1499.97,0),('T0101','P06',6,89.99,539.9399999999999,0),('T0102','P06',7,89.99,629.93,0),('T0103','P07',3,499.99,1499.97,0),('T0104','P06',0,89.99,0,1),('T0105','P06',2,89.99,179.98,0),('T0106','P07',10,499.99,4999.9,0),('T0107','P04',12,49.99,599.88,0),('T0108','P06',9,89.99,809.91,0),('T0109','P05',12,799.99,9599.880000000001,0),('T0110','P04',3,49.99,149.97,0),('T0111','P01',7,999.99,6999.93,0),('T0112','P07',6,499.99,2999.94,0),('T0113','P06',0,89.99,0,1),('T0114','P05',10,799.99,7999.9,0),('T0115','P06',0,89.99,0,1),('T0116','P07',12,499.99,5999.88,0),('T0117','P07',7,499.99,3499.9300000000003,0),('T0118','P03',9,299.5,2695.5,0),('T0119','P02',2,19.99,39.98,0),('T0120','P01',0,999.99,0,1),('T0121','P06',1,89.99,89.99,0),('T0122','P05',2,799.99,1599.98,0),('T0123','P02',8,19.99,159.92,0),('T0124','P05',1,799.99,799.99,0),('T0125','P03',9,299.5,2695.5,0),('T0126','P01',0,999.99,0,0),('T0127','P02',8,19.99,159.92,0),('T0128','P03',8,299.5,2396,0),('T0129','P01',11,999.99,10999.89,0),('T0130','P01',8,999.99,7999.92,0),('T0131','P06',0,89.99,0,1),('T0132','P05',0,799.99,0,1),('T0133','P04',3,49.99,149.97,0),('T0134','P07',1,499.99,499.99,0),('T0135','P07',12,499.99,5999.88,0),('T0136','P04',0,49.99,0,1),('T0137','P06',0,89.99,0,1),('T0138','P01',10,999.99,9999.9,0),('T0139','P03',10,299.5,2995,0),('T0140','P07',8,499.99,3999.92,0),('T0141','P07',0,499.99,0,1),('T0142','P05',0,799.99,0,1),('T0143','P05',7,799.99,5599.93,0),('T0144','P06',0,89.99,0,1),('T0145','P03',9,299.5,2695.5,0),('T0146','P06',0,89.99,0,1),('T0147','P02',3,19.99,59.97,0),('T0148','P07',9,499.99,4499.91,0),('T0149','P07',4,499.99,1999.96,0),('T0150','P04',0,49.99,0,1),('T0151','P03',1,299.5,299.5,0),('T0152','P04',0,49.99,0,1),('T0153','P03',0,299.5,0,0),('T0154','P07',8,499.99,3999.92,0),('T0155','P07',1,499.99,499.99,0),('T0156','P03',3,299.5,898.5,0),('T0157','P05',6,799.99,4799.9400000000005,0),('T0158','P01',0,999.99,0,1),('T0159','P02',1,19.99,19.99,0),('T0160','P01',8,999.99,7999.92,0),('T0161','P02',0,19.99,0,1),('T0162','P04',7,49.99,349.93,0),('T0163','P06',0,89.99,0,1),('T0164','P06',0,89.99,0,1),('T0165','P02',5,19.99,99.94999999999999,0),('T0166','P05',11,799.99,8799.89,0),('T0167','P06',7,89.99,629.93,0),('T0168','P03',6,299.5,1797,0),('T0169','P06',3,89.99,269.96999999999997,0),('T0170','P05',3,799.99,2399.9700000000003,0),('T0171','P07',3,499.99,1499.97,0),('T0172','P07',12,499.99,5999.88,0),('T0173','P02',8,19.99,159.92,0),('T0174','P06',12,89.99,1079.8799999999999,0),('T0175','P06',11,89.99,989.89,0),('T0176','P04',7,49.99,349.93,0),('T0177','P07',2,499.99,999.98,0),('T0178','P07',0,499.99,0,1),('T0179','P01',9,999.99,8999.91,0),('T0180','P06',12,89.99,1079.8799999999999,0),('T0181','P04',1,49.99,49.99,0),('T0182','P03',5,299.5,1497.5,0),('T0183','P03',4,299.5,1198,0),('T0184','P05',10,799.99,7999.9,0),('T0185','P03',3,299.5,898.5,0),('T0186','P04',2,49.99,99.98,0),('T0187','P01',0,999.99,0,0),('T0188','P07',0,499.99,0,0),('T0189','P07',3,499.99,1499.97,0),('T0190','P07',1,499.99,499.99,0),('T0191','P07',7,499.99,3499.9300000000003,0),('T0192','P01',0,999.99,0,0),('T0193','P03',3,299.5,898.5,0),('T0194','P03',8,299.5,2396,0),('T0195','P01',0,999.99,0,0),('T0196','P05',0,799.99,0,1),('T0197','P05',8,799.99,6399.92,0),('T0198','P07',11,499.99,5499.89,0),('T0199','P02',4,19.99,79.96,0),('T0200','P06',4,89.99,359.96,0),('T0201','P06',2,89.99,179.98,0),('T0202','P01',0,999.99,0,1),('T0203','P03',0,299.5,0,1),('T0204','P01',2,999.99,1999.98,0),('T0205','P07',0,499.99,0,0),('T0206','P03',0,299.5,0,0),('T0207','P01',9,999.99,8999.91,0),('T0208','P07',3,499.99,1499.97,0),('T0209','P05',0,799.99,0,1),('T0210','P07',2,499.99,999.98,0),('T0211','P05',11,799.99,8799.89,0),('T0212','P03',4,299.5,1198,0),('T0213','P06',4,89.99,359.96,0),('T0214','P05',0,799.99,0,1),('T0215','P05',0,799.99,0,1),('T0216','P02',1,19.99,19.99,0),('T0217','P07',11,499.99,5499.89,0),('T0218','P02',3,19.99,59.97,0),('T0219','P04',0,49.99,0,1),('T0220','P01',6,999.99,5999.9400000000005,0),('T0221','P02',0,19.99,0,1),('T0222','P03',0,299.5,0,1),('T0223','P04',9,49.99,449.91,0),('T0224','P05',9,799.99,7199.91,0),('T0225','P07',3,499.99,1499.97,0),('T0226','P02',8,19.99,159.92,0),('T0227','P05',0,799.99,0,1),('T0228','P04',10,49.99,499.90000000000003,0),('T0229','P03',0,299.5,0,1),('T0230','P02',0,19.99,0,1),('T0231','P03',2,299.5,599,0),('T0232','P04',0,49.99,0,1),('T0233','P05',12,799.99,9599.880000000001,0),('T0234','P02',5,19.99,99.94999999999999,0),('T0235','P03',0,299.5,0,1),('T0236','P01',9,999.99,8999.91,0),('T0237','P05',0,799.99,0,1),('T0238','P01',4,999.99,3999.96,0),('T0239','P01',0,999.99,0,1),('T0240','P01',9,999.99,8999.91,0),('T0241','P01',0,999.99,0,1),('T0242','P06',1,89.99,89.99,0),('T0243','P01',0,999.99,0,1),('T0244','P01',9,999.99,8999.91,0),('T0245','P07',0,499.99,0,1),('T0246','P07',1,499.99,499.99,0),('T0247','P03',10,299.5,2995,0),('T0248','P01',0,999.99,0,0),('T0249','P02',0,19.99,0,1),('T0250','P05',0,799.99,0,1),('T0251','P01',9,999.99,8999.91,0),('T0252','P01',8,999.99,7999.92,0),('T0253','P07',12,499.99,5999.88,0),('T0254','P03',6,299.5,1797,0),('T0255','P06',0,89.99,0,1),('T0256','P03',6,299.5,1797,0),('T0257','P04',6,49.99,299.94,0),('T0258','P05',1,799.99,799.99,0),('T0259','P07',2,499.99,999.98,0),('T0260','P05',8,799.99,6399.92,0),('T0261','P03',0,299.5,0,1),('T0262','P03',5,299.5,1497.5,0),('T0263','P03',0,299.5,0,1),('T0264','P07',7,499.99,3499.9300000000003,0),('T0265','P05',10,799.99,7999.9,0),('T0266','P05',11,799.99,8799.89,0),('T0267','P02',8,19.99,159.92,0),('T0268','P03',8,299.5,2396,0),('T0269','P01',2,999.99,1999.98,0),('T0270','P01',9,999.99,8999.91,0),('T0271','P03',0,299.5,0,1),('T0272','P06',12,89.99,1079.8799999999999,0),('T0273','P06',0,89.99,0,1),('T0274','P01',5,999.99,4999.95,0),('T0275','P05',0,799.99,0,1),('T0276','P06',0,89.99,0,1),('T0277','P06',1,89.99,89.99,0),('T0278','P02',11,19.99,219.89,0),('T0279','P02',5,19.99,99.94999999999999,0),('T0280','P06',9,89.99,809.91,0),('T0281','P02',0,19.99,0,1),('T0282','P05',7,799.99,5599.93,0),('T0283','P04',1,49.99,49.99,0),('T0284','P01',0,999.99,0,0),('T0285','P01',5,999.99,4999.95,0),('T0286','P06',1,89.99,89.99,0),('T0287','P07',9,499.99,4499.91,0),('T0288','P05',2,799.99,1599.98,0),('T0289','P07',1,499.99,499.99,0),('T0290','P02',0,19.99,0,1),('T0291','P03',5,299.5,1497.5,0),('T0292','P04',3,49.99,149.97,0),('T0293','P04',3,49.99,149.97,0),('T0294','P07',0,499.99,0,1),('T0295','P01',5,999.99,4999.95,0),('T0296','P01',5,999.99,4999.95,0),('T0297','P05',7,799.99,5599.93,0),('T0298','P04',5,49.99,249.95000000000002,0),('T0299','P07',1,499.99,499.99,0),('T0300','P07',0,499.99,0,1),('T0301','P07',4,499.99,1999.96,0),('T0302','P05',5,799.99,3999.95,0),('T0303','P01',5,999.99,4999.95,0),('T0304','P04',2,49.99,99.98,0),('T0305','P05',0,799.99,0,0),('T0306','P07',1,499.99,499.99,0),('T0307','P02',2,19.99,39.98,0),('T0308','P07',5,499.99,2499.95,0),('T0309','P07',6,499.99,2999.94,0),('T0310','P02',9,19.99,179.91,0),('T0311','P01',7,999.99,6999.93,0),('T0312','P02',2,19.99,39.98,0),('T0313','P06',0,89.99,0,1),('T0314','P06',3,89.99,269.96999999999997,0),('T0315','P05',0,799.99,0,1),('T0316','P04',5,49.99,249.95000000000002,0),('T0317','P01',3,999.99,2999.9700000000003,0),('T0318','P06',0,89.99,0,1),('T0319','P01',6,999.99,5999.9400000000005,0),('T0320','P01',0,999.99,0,0),('T0321','P02',0,19.99,0,1),('T0322','P06',10,89.99,899.9,0),('T0323','P02',6,19.99,119.94,0),('T0324','P02',6,19.99,119.94,0),('T0325','P05',1,799.99,799.99,0),('T0326','P05',9,799.99,7199.91,0),('T0327','P06',0,89.99,0,1),('T0328','P04',4,49.99,199.96,0),('T0329','P02',5,19.99,99.94999999999999,0),('T0330','P04',5,49.99,249.95000000000002,0),('T0331','P07',0,499.99,0,1),('T0332','P06',0,89.99,0,1),('T0333','P04',12,49.99,599.88,0),('T0334','P02',6,19.99,119.94,0),('T0335','P02',0,19.99,0,1),('T0336','P07',0,499.99,0,1),('T0337','P03',8,299.5,2396,0),('T0338','P02',0,19.99,0,0),('T0339','P05',0,799.99,0,1),('T0340','P04',2,49.99,99.98,0),('T0341','P03',5,299.5,1497.5,0),('T0342','P03',0,299.5,0,1),('T0343','P06',0,89.99,0,1),('T0344','P06',7,89.99,629.93,0),('T0345','P05',11,799.99,8799.89,0),('T0346','P02',3,19.99,59.97,0),('T0347','P03',3,299.5,898.5,0),('T0348','P04',0,49.99,0,1),('T0349','P05',9,799.99,7199.91,0),('T0350','P04',0,49.99,0,1),('T0351','P01',6,999.99,5999.9400000000005,0),('T0352','P04',8,49.99,399.92,0),('T0353','P06',8,89.99,719.92,0),('T0354','P03',1,299.5,299.5,0),('T0355','P03',0,299.5,0,1),('T0356','P07',0,499.99,0,1),('T0357','P01',12,999.99,11999.880000000001,0),('T0358','P01',1,999.99,999.99,0),('T0359','P03',5,299.5,1497.5,0),('T0360','P07',0,499.99,0,1),('T0361','P03',6,299.5,1797,0),('T0362','P05',0,799.99,0,1),('T0363','P05',0,799.99,0,1),('T0364','P05',0,799.99,0,1),('T0365','P02',5,19.99,99.94999999999999,0),('T0366','P02',0,19.99,0,1),('T0367','P05',5,799.99,3999.95,0),('T0368','P05',8,799.99,6399.92,0),('T0369','P02',2,19.99,39.98,0),('T0370','P01',0,999.99,0,1),('T0371','P06',0,89.99,0,0),('T0372','P03',9,299.5,2695.5,0),('T0373','P05',3,799.99,2399.9700000000003,0),('T0374','P02',0,19.99,0,1),('T0375','P03',8,299.5,2396,0),('T0376','P03',2,299.5,599,0),('T0377','P01',0,999.99,0,0),('T0378','P02',6,19.99,119.94,0),('T0379','P02',0,19.99,0,1),('T0380','P03',2,299.5,599,0),('T0381','P01',0,999.99,0,1),('T0382','P01',5,999.99,4999.95,0),('T0383','P07',0,499.99,0,1),('T0384','P02',5,19.99,99.94999999999999,0),('T0385','P05',4,799.99,3199.96,0),('T0386','P05',3,799.99,2399.9700000000003,0),('T0387','P03',2,299.5,599,0),('T0388','P02',8,19.99,159.92,0),('T0389','P05',0,799.99,0,1),('T0390','P07',11,499.99,5499.89,0),('T0391','P02',0,19.99,0,1),('T0392','P06',10,89.99,899.9,0),('T0393','P03',1,299.5,299.5,0),('T0394','P07',7,499.99,3499.9300000000003,0),('T0395','P01',11,999.99,10999.89,0),('T0396','P06',8,89.99,719.92,0),('T0397','P05',0,799.99,0,1),('T0398','P01',12,999.99,11999.880000000001,0),('T0399','P01',4,999.99,3999.96,0),('T0400','P06',2,89.99,179.98,0),('T0401','P01',0,999.99,0,1),('T0402','P03',4,299.5,1198,0),('T0403','P01',7,999.99,6999.93,0),('T0404','P01',0,999.99,0,1),('T0405','P01',4,999.99,3999.96,0),('T0406','P03',0,299.5,0,1),('T0407','P01',11,999.99,10999.89,0),('T0408','P01',0,999.99,0,1),('T0409','P02',8,19.99,159.92,0),('T0410','P03',2,299.5,599,0),('T0411','P02',5,19.99,99.94999999999999,0),('T0412','P02',10,19.99,199.89999999999998,0),('T0413','P06',0,89.99,0,1),('T0414','P04',8,49.99,399.92,0),('T0415','P06',0,89.99,0,1),('T0416','P07',9,499.99,4499.91,0),('T0417','P03',0,299.5,0,1),('T0418','P04',0,49.99,0,1),('T0419','P01',9,999.99,8999.91,0),('T0420','P06',0,89.99,0,1),('T0421','P06',12,89.99,1079.8799999999999,0),('T0422','P02',0,19.99,0,1),('T0423','P07',9,499.99,4499.91,0),('T0424','P03',0,299.5,0,1),('T0425','P01',0,999.99,0,1),('T0426','P04',11,49.99,549.89,0),('T0427','P04',0,49.99,0,1),('T0428','P06',5,89.99,449.95,0),('T0429','P04',0,49.99,0,1),('T0430','P05',0,799.99,0,1),('T0431','P07',0,499.99,0,1),('T0432','P01',1,999.99,999.99,0),('T0433','P06',0,89.99,0,1),('T0434','P04',3,49.99,149.97,0),('T0435','P02',8,19.99,159.92,0),('T0436','P06',0,89.99,0,1),('T0437','P06',9,89.99,809.91,0),('T0438','P06',5,89.99,449.95,0),('T0439','P05',7,799.99,5599.93,0),('T0440','P01',0,999.99,0,1),('T0441','P01',9,999.99,8999.91,0),('T0442','P05',7,799.99,5599.93,0),('T0443','P02',8,19.99,159.92,0),('T0444','P04',0,49.99,0,0),('T0445','P03',0,299.5,0,1),('T0446','P07',0,499.99,0,1),('T0447','P04',4,49.99,199.96,0),('T0448','P02',2,19.99,39.98,0),('T0449','P01',12,999.99,11999.880000000001,0),('T0450','P02',4,19.99,79.96,0),('T0451','P05',7,799.99,5599.93,0),('T0452','P02',0,19.99,0,0),('T0453','P05',7,799.99,5599.93,0),('T0454','P07',0,499.99,0,0),('T0455','P05',6,799.99,4799.9400000000005,0),('T0456','P07',7,499.99,3499.9300000000003,0),('T0457','P06',3,89.99,269.96999999999997,0),('T0458','P03',12,299.5,3594,0),('T0459','P04',7,49.99,349.93,0),('T0460','P06',0,89.99,0,1),('T0461','P02',0,19.99,0,1),('T0462','P03',0,299.5,0,0),('T0463','P06',12,89.99,1079.8799999999999,0),('T0464','P06',4,89.99,359.96,0),('T0465','P01',11,999.99,10999.89,0),('T0466','P07',0,499.99,0,1),('T0467','P07',10,499.99,4999.9,0),('T0468','P03',0,299.5,0,0),('T0469','P06',6,89.99,539.9399999999999,0),('T0470','P04',0,49.99,0,1),('T0471','P01',12,999.99,11999.880000000001,0),('T0472','P03',7,299.5,2096.5,0),('T0473','P02',7,19.99,139.92999999999998,0),('T0474','P07',8,499.99,3999.92,0),('T0475','P04',11,49.99,549.89,0),('T0476','P01',7,999.99,6999.93,0),('T0477','P06',4,89.99,359.96,0),('T0478','P06',5,89.99,449.95,0),('T0479','P04',11,49.99,549.89,0),('T0480','P04',11,49.99,549.89,0),('T0481','P07',3,499.99,1499.97,0),('T0482','P03',1,299.5,299.5,0),('T0483','P07',0,499.99,0,1),('T0484','P07',4,499.99,1999.96,0),('T0485','P05',0,799.99,0,1),('T0486','P07',0,499.99,0,1),('T0487','P01',0,999.99,0,1),('T0488','P07',9,499.99,4499.91,0),('T0489','P05',0,799.99,0,1),('T0490','P01',7,999.99,6999.93,0),('T0491','P03',0,299.5,0,0),('T0492','P01',12,999.99,11999.880000000001,0),('T0493','P06',0,89.99,0,1),('T0494','P06',7,89.99,629.93,0),('T0495','P04',2,49.99,99.98,0),('T0496','P05',7,799.99,5599.93,0),('T0497','P01',10,999.99,9999.9,0),('T0498','P04',11,49.99,549.89,0),('T0499','P01',11,999.99,10999.89,0),('T0500','P07',8,499.99,3999.92,0);
/*!40000 ALTER TABLE `transaction_items` ENABLE KEYS */;
UNLOCK TABLES;

--
-- Table structure for table `transactions`
--

DROP TABLE IF EXISTS `transactions`;
/*!40101 SET @saved_cs_client     = @@character_set_client */;
/*!50503 SET character_set_client = utf8mb4 */;
CREATE TABLE `transactions` (
  `transaction_id` text,
  `customer_id` text,
  `date` text,
  `region` text,
  KEY `idx_transactions_region` (`region`(20))
) ENGINE=InnoDB DEFAULT CHARSET=utf8mb4 COLLATE=utf8mb4_0900_ai_ci;
/*!40101 SET character_set_client = @saved_cs_client */;

--
-- Dumping data for table `transactions`
--

LOCK TABLES `transactions` WRITE;
/*!40000 ALTER TABLE `transactions` DISABLE KEYS */;
INSERT INTO `transactions` VALUES ('T0001','C024','2024-11-05','North'),('T0002','C001','2024-06-17','East'),('T0003','C015','2025-05-05','South'),('T0004','C024','2024-03-03','North'),('T0005','C005','2024-07-20','North'),('T0006','C034','2025-01-17','West'),('T0007','C048','2025-05-27','South'),('T0008','C007','2025-03-05','West'),('T0009','C007','2024-08-21','East'),('T0010','C003','2025-07-20','South'),('T0011','C025','2024-07-19','North'),('T0012','Unknown','2024-04-28','West'),('T0013','C043','2024-11-21','North'),('T0014','C040','2024-09-11','North'),('T0015','C020','2024-06-26','West'),('T0016','C013','2024-12-05','West'),('T0017','C041','2024-06-03','South'),('T0018','C009','2024-11-22','South'),('T0019','C020','2025-04-09','West'),('T0020','C049','2025-03-17','East'),('T0021','C004','2024-05-30','South'),('T0022','C046','2025-07-22','West'),('T0023','C039','2025-03-05','North'),('T0024','C024','2025-08-10','North'),('T0025','C007','2024-08-04','South'),('T0026','C007','2024-08-27','East'),('T0027','C006','2025-06-23','South'),('T0028','C028','2024-12-16','North'),('T0029','C033','2025-06-01','West'),('T0030','C026','2024-03-17','East'),('T0031','C025','2024-02-04','North'),('T0032','Unknown','2025-01-11','North'),('T0033','C015','2024-03-09','South'),('T0034','C022','2025-01-30','South'),('T0035','C003','2025-03-19','East'),('T0036','C011','2024-05-10','East'),('T0037','C015','2024-03-25','South'),('T0038','Unknown','2024-06-04','South'),('T0039','C034','2025-04-07','South'),('T0040','C026','2024-02-05','West'),('T0041','C015','2024-10-20','North'),('T0042','Unknown','2024-09-17','West'),('T0043','C006','2025-06-10','North'),('T0044','C042','2024-11-04','North'),('T0045','C040','2024-01-12','East'),('T0046','C046','2025-03-07','West'),('T0047','C030','2025-03-31','North'),('T0048','C014','2024-02-07','West'),('T0049','C020','2024-08-05','North'),('T0050','C029','2025-06-05','North'),('T0051','C049','2024-07-31','South'),('T0052','C032','2025-04-15','South'),('T0053','C028','2024-11-09','East'),('T0054','C002','2024-04-10','East'),('T0055','C041','2024-07-01','North'),('T0056','C009','2025-08-04','East'),('T0057','C003','2024-08-22','West'),('T0058','C028','2024-02-17','South'),('T0059','C029','2024-01-31','North'),('T0060','C046','2025-03-07','West'),('T0061','C013','2024-08-22','East'),('T0062','C047','2024-12-12','North'),('T0063','C012','2024-06-19','West'),('T0064','Unknown','2025-04-11','West'),('T0065','C013','2024-04-06','North'),('T0066','C006','2025-03-15','East'),('T0067','C042','2024-12-12','East'),('T0068','C050','2025-06-18','North'),('T0069','C020','2024-03-19','North'),('T0070','C022','2024-03-29','North'),('T0071','C019','2024-03-29','East'),('T0072','C007','2024-01-23','North'),('T0073','Unknown','2024-12-29','East'),('T0074','C007','2024-09-24','South'),('T0075','C039','2024-03-12','East'),('T0076','C010','2025-07-23','West'),('T0077','C005','2025-08-02','West'),('T0078','C033','2024-09-25','South'),('T0079','C030','2024-12-15','North'),('T0080','C039','2025-03-05','South'),('T0081','C014','2024-02-27','South'),('T0082','C001','2025-04-27','West'),('T0083','C028','2025-05-04','North'),('T0084','C019','2024-04-20','East'),('T0085','Unknown','2024-04-21','North'),('T0086','C009','2025-06-02','West'),('T0087','C010','2024-10-06','East'),('T0088','C015','2024-07-31','East'),('T0089','C035','2024-03-10','North'),('T0090','C015','2024-01-01','South'),('T0091','C030','2025-06-06','East'),('T0092','C022','2024-03-10','West'),('T0093','C039','2024-08-20','North'),('T0094','C026','2025-06-25','East'),('T0095','C003','2024-05-23','South'),('T0096','C015','2025-02-18','East'),('T0097','C022','2025-02-21','West'),('T0098','C007','2024-03-11','West'),('T0099','C045','2024-05-10','West'),('T0100','C016','2024-12-17','West'),('T0101','C038','2024-06-14','North'),('T0102','Unknown','2024-05-02','East'),('T0103','C004','2024-09-19','East'),('T0104','C001','2025-06-02','East'),('T0105','C029','2025-02-02','East'),('T0106','C036','2024-07-06','East'),('T0107','C011','2025-03-26','North'),('T0108','C014','2024-05-23','West'),('T0109','C026','2024-08-29','North'),('T0110','C012','2024-12-13','North'),('T0111','C006','2024-02-27','East'),('T0112','C022','2025-08-08','South'),('T0113','C024','2024-01-09','West'),('T0114','C019','2025-02-03','East'),('T0115','C016','2025-06-27','South'),('T0116','C045','2024-05-29','West'),('T0117','C016','2024-08-23','West'),('T0118','C026','2025-07-19','West'),('T0119','C013','2024-12-18','West'),('T0120','C030','2024-05-17','North'),('T0121','Unknown','2024-09-27','South'),('T0122','C040','2025-06-08','East'),('T0123','C042','2025-03-09','South'),('T0124','C009','2024-05-16','South'),('T0125','C008','2024-04-11','North'),('T0126','C042','2025-07-26','North'),('T0127','C015','2024-10-19','South'),('T0128','C034','2024-12-06','North'),('T0129','C002','2025-07-26','South'),('T0130','C049','2024-11-01','South'),('T0131','C030','2024-06-17','West'),('T0132','C025','2024-02-29','East'),('T0133','C006','2025-06-02','South'),('T0134','C042','2024-03-29','East'),('T0135','C002','2024-05-16','South'),('T0136','C013','2024-08-25','West'),('T0137','C047','2025-06-04','South'),('T0138','C046','2025-05-06','North'),('T0139','C025','2024-02-15','South'),('T0140','C024','2024-09-27','East'),('T0141','C045','2024-01-31','North'),('T0142','C025','2025-07-19','East'),('T0143','C047','2025-05-21','East'),('T0144','C023','2024-02-14','East'),('T0145','C031','2024-03-17','West'),('T0146','C040','2025-06-29','South'),('T0147','C028','2025-05-25','East'),('T0148','Unknown','2024-02-05','North'),('T0149','C020','2024-08-01','West'),('T0150','C018','2024-06-02','East'),('T0151','C012','2024-01-06','East'),('T0152','C046','2024-02-21','West'),('T0153','C033','2025-08-09','South'),('T0154','C048','2025-01-08','North'),('T0155','Unknown','2025-05-03','South'),('T0156','C009','2024-06-25','West'),('T0157','C007','2025-02-18','West'),('T0158','C039','2024-02-22','South'),('T0159','C014','2025-08-11','East'),('T0160','C035','2025-06-09','East'),('T0161','C037','2024-10-05','East'),('T0162','C032','2024-06-15','North'),('T0163','C037','2024-07-18','East'),('T0164','C032','2025-04-22','West'),('T0165','C040','2024-07-25','East'),('T0166','C005','2024-09-04','South'),('T0167','C026','2025-04-01','West'),('T0168','C003','2025-02-22','East'),('T0169','C005','2024-11-25','East'),('T0170','C035','2025-02-03','North'),('T0171','Unknown','2025-02-17','South'),('T0172','C003','2024-06-05','North'),('T0173','Unknown','2024-08-13','South'),('T0174','C035','2025-01-29','East'),('T0175','C039','2024-12-08','East'),('T0176','C021','2024-11-30','South'),('T0177','C001','2024-02-11','West'),('T0178','C045','2024-09-07','West'),('T0179','C012','2025-04-19','East'),('T0180','C011','2025-01-05','North'),('T0181','C021','2024-03-08','North'),('T0182','Unknown','2024-02-17','North'),('T0183','Unknown','2025-02-08','North'),('T0184','C047','2024-11-23','North'),('T0185','C029','2024-10-25','West'),('T0186','C009','2025-07-27','East'),('T0187','C039','2024-05-07','North'),('T0188','C040','2024-04-07','East'),('T0189','C038','2025-03-25','West'),('T0190','C014','2024-01-29','South'),('T0191','Unknown','2025-05-24','West'),('T0192','C006','2024-12-23','East'),('T0193','C023','2024-10-31','North'),('T0194','C029','2025-05-25','South'),('T0195','C013','2024-01-18','West'),('T0196','C033','2025-02-08','South'),('T0197','C039','2025-06-22','North'),('T0198','C029','2025-04-02','West'),('T0199','C002','2025-06-10','East'),('T0200','C043','2025-07-29','South'),('T0201','C013','2025-05-03','East'),('T0202','C046','2024-02-20','North'),('T0203','C019','2024-02-22','South'),('T0204','C025','2025-07-11','East'),('T0205','C005','2024-10-22','East'),('T0206','C030','2024-10-15','East'),('T0207','Unknown','2024-11-23','East'),('T0208','C002','2025-06-23','South'),('T0209','Unknown','2024-01-31','West'),('T0210','C037','2024-02-20','South'),('T0211','C018','2024-06-01','East'),('T0212','C048','2025-04-25','East'),('T0213','C040','2024-10-08','West'),('T0214','C032','2025-06-21','North'),('T0215','C047','2024-11-07','West'),('T0216','C043','2024-10-11','West'),('T0217','C014','2025-03-14','West'),('T0218','C002','2024-06-06','West'),('T0219','C047','2024-01-01','North'),('T0220','C008','2025-07-28','North'),('T0221','C038','2024-04-24','East'),('T0222','C019','2024-04-29','East'),('T0223','C010','2025-02-01','East'),('T0224','Unknown','2025-01-09','North'),('T0225','C012','2024-09-04','North'),('T0226','C015','2024-09-30','East'),('T0227','C042','2024-01-05','North'),('T0228','C012','2024-03-31','North'),('T0229','C010','2024-10-30','West'),('T0230','C002','2025-03-02','North'),('T0231','C027','2025-04-09','South'),('T0232','C033','2024-03-15','South'),('T0233','C010','2024-01-31','East'),('T0234','C046','2025-04-25','North'),('T0235','Unknown','2024-08-26','West'),('T0236','C003','2025-05-15','East'),('T0237','C003','2024-10-05','East'),('T0238','C039','2024-12-31','West'),('T0239','C044','2024-08-29','North'),('T0240','C031','2025-03-31','East'),('T0241','C044','2025-07-12','West'),('T0242','C014','2025-06-19','East'),('T0243','C029','2024-04-12','North'),('T0244','C012','2024-12-03','South'),('T0245','C005','2024-01-27','South'),('T0246','C034','2024-01-12','South'),('T0247','C037','2024-04-02','West'),('T0248','C040','2024-10-02','South'),('T0249','C032','2024-12-25','South'),('T0250','C042','2025-03-31','West'),('T0251','C047','2024-02-21','South'),('T0252','C042','2025-07-04','South'),('T0253','C019','2025-06-02','North'),('T0254','C024','2025-04-05','South'),('T0255','C026','2024-10-27','West'),('T0256','C037','2025-01-08','South'),('T0257','C044','2024-03-18','West'),('T0258','C007','2024-08-07','East'),('T0259','C037','2025-03-04','West'),('T0260','C017','2025-03-15','North'),('T0261','C030','2024-04-21','South'),('T0262','C004','2024-03-31','South'),('T0263','C046','2025-02-22','East'),('T0264','C013','2024-07-19','East'),('T0265','C005','2024-12-01','East'),('T0266','C015','2025-03-17','North'),('T0267','C021','2025-07-31','East'),('T0268','C044','2025-01-28','South'),('T0269','C038','2024-04-24','North'),('T0270','C046','2024-10-19','West'),('T0271','C027','2025-04-11','South'),('T0272','C029','2024-03-09','North'),('T0273','C005','2025-04-17','North'),('T0274','C003','2025-02-16','North'),('T0275','C016','2024-01-08','East'),('T0276','C043','2024-06-29','West'),('T0277','C036','2025-07-27','West'),('T0278','C045','2025-06-26','West'),('T0279','C045','2024-08-21','North'),('T0280','C037','2024-07-24','East'),('T0281','C035','2025-07-20','South'),('T0282','C049','2025-01-12','North'),('T0283','C037','2024-07-14','North'),('T0284','C002','2025-05-23','West'),('T0285','C032','2024-05-17','South'),('T0286','C025','2024-04-10','West'),('T0287','C002','2024-03-25','South'),('T0288','C024','2024-05-10','West'),('T0289','Unknown','2025-04-28','East'),('T0290','C011','2025-05-10','East'),('T0291','C021','2025-06-28','North'),('T0292','C048','2025-06-20','West'),('T0293','C014','2024-08-17','South'),('T0294','Unknown','2024-02-28','North'),('T0295','Unknown','2024-05-24','West'),('T0296','C030','2024-10-01','West'),('T0297','C017','2024-10-22','West'),('T0298','C041','2025-08-01','East'),('T0299','C049','2024-09-08','West'),('T0300','C013','2024-06-04','West'),('T0301','C032','2024-12-03','North'),('T0302','C005','2024-03-17','North'),('T0303','C019','2025-05-18','West'),('T0304','C025','2024-12-31','East'),('T0305','Unknown','2024-06-01','North'),('T0306','C024','2024-12-08','West'),('T0307','C007','2025-03-19','West'),('T0308','C020','2024-12-05','East'),('T0309','C015','2024-03-11','East'),('T0310','C046','2024-10-16','East'),('T0311','C034','2025-07-14','West'),('T0312','C045','2024-09-22','South'),('T0313','C028','2024-08-15','West'),('T0314','Unknown','2024-07-04','West'),('T0315','C012','2025-04-29','North'),('T0316','C020','2025-04-17','North'),('T0317','C021','2024-04-18','East'),('T0318','C018','2024-03-28','North'),('T0319','C034','2024-08-07','East'),('T0320','C037','2025-05-13','West'),('T0321','Unknown','2025-01-07','West'),('T0322','C031','2024-03-11','South'),('T0323','C007','2024-11-01','East'),('T0324','C025','2024-09-29','South'),('T0325','C023','2024-07-17','East'),('T0326','C037','2024-10-03','West'),('T0327','C036','2024-07-06','North'),('T0328','C008','2024-05-02','West'),('T0329','C021','2024-04-17','South'),('T0330','C004','2024-07-14','West'),('T0331','C026','2024-11-12','East'),('T0332','Unknown','2025-05-12','East'),('T0333','C025','2024-11-17','West'),('T0334','C045','2024-07-15','South'),('T0335','C024','2024-10-01','East'),('T0336','C046','2025-02-18','South'),('T0337','C034','2024-05-27','East'),('T0338','C008','2024-04-08','North'),('T0339','C043','2024-09-19','North'),('T0340','C029','2025-05-11','East'),('T0341','C046','2024-02-06','South'),('T0342','C018','2024-10-15','North'),('T0343','C035','2024-03-07','East'),('T0344','C028','2025-03-11','North'),('T0345','C002','2025-05-28','South'),('T0346','C045','2025-06-19','West'),('T0347','C001','2025-08-08','North'),('T0348','C007','2024-06-12','West'),('T0349','C026','2024-05-10','West'),('T0350','C022','2025-02-01','South'),('T0351','C029','2025-04-16','South'),('T0352','C027','2024-06-15','East'),('T0353','C047','2024-07-19','North'),('T0354','Unknown','2024-09-26','North'),('T0355','C023','2024-02-23','North'),('T0356','C011','2025-07-26','East'),('T0357','C044','2025-06-12','North'),('T0358','C038','2024-06-09','South'),('T0359','C021','2025-02-03','East'),('T0360','C029','2024-07-13','North'),('T0361','C026','2025-04-29','East'),('T0362','C017','2024-07-25','North'),('T0363','C026','2024-07-15','East'),('T0364','C020','2024-08-14','South'),('T0365','C008','2024-02-18','North'),('T0366','C036','2025-02-15','East'),('T0367','C046','2025-01-19','East'),('T0368','C049','2025-04-01','East'),('T0369','C001','2025-01-30','West'),('T0370','C032','2025-05-26','West'),('T0371','C027','2025-04-16','East'),('T0372','C002','2024-09-19','North'),('T0373','C007','2025-03-26','West'),('T0374','C003','2024-12-13','West'),('T0375','Unknown','2024-12-25','North'),('T0376','Unknown','2024-11-09','East'),('T0377','C014','2024-09-11','West'),('T0378','C016','2025-01-06','North'),('T0379','C007','2025-06-14','North'),('T0380','C015','2025-06-15','West'),('T0381','C038','2024-10-15','West'),('T0382','C033','2024-03-31','South'),('T0383','C036','2024-01-09','East'),('T0384','C008','2025-05-24','North'),('T0385','C003','2025-02-23','West'),('T0386','C016','2025-03-29','West'),('T0387','C034','2024-02-13','East'),('T0388','C035','2025-06-23','South'),('T0389','C027','2024-01-11','South'),('T0390','C024','2025-08-07','East'),('T0391','C014','2025-01-27','West'),('T0392','C016','2024-01-28','West'),('T0393','C044','2024-12-05','South'),('T0394','C043','2025-01-28','West'),('T0395','C034','2025-04-17','North'),('T0396','C029','2025-07-04','South'),('T0397','C018','2025-05-08','North'),('T0398','C047','2025-05-04','South'),('T0399','C018','2024-12-29','South'),('T0400','C014','2025-07-03','East'),('T0401','C035','2024-05-17','North'),('T0402','C027','2024-01-21','West'),('T0403','Unknown','2025-05-17','West'),('T0404','C044','2024-05-26','East'),('T0405','C026','2025-04-17','East'),('T0406','C036','2025-01-01','South'),('T0407','C045','2024-11-06','East'),('T0408','C029','2024-01-22','South'),('T0409','C044','2024-11-23','West'),('T0410','C008','2025-05-27','North'),('T0411','C027','2025-08-06','South'),('T0412','C047','2025-02-06','North'),('T0413','C042','2025-04-01','South'),('T0414','C027','2025-06-27','East'),('T0415','C046','2024-07-04','West'),('T0416','C033','2024-01-09','East'),('T0417','C049','2025-02-22','West'),('T0418','C015','2024-12-24','West'),('T0419','C009','2024-07-06','South'),('T0420','C022','2024-02-07','West'),('T0421','C009','2025-02-20','West'),('T0422','C021','2024-08-19','North'),('T0423','C014','2024-10-06','North'),('T0424','C032','2024-03-25','West'),('T0425','C008','2024-11-13','North'),('T0426','C021','2024-06-01','East'),('T0427','C030','2024-12-31','South'),('T0428','Unknown','2024-03-25','West'),('T0429','C049','2025-06-06','South'),('T0430','C016','2024-06-30','North'),('T0431','C040','2024-08-02','North'),('T0432','C015','2024-09-18','East'),('T0433','C003','2024-09-05','South'),('T0434','C043','2024-11-18','North'),('T0435','C023','2024-06-16','North'),('T0436','C049','2024-04-05','South'),('T0437','C041','2024-01-22','North'),('T0438','C021','2024-10-20','East'),('T0439','C030','2024-06-09','South'),('T0440','C041','2025-06-18','North'),('T0441','C013','2024-01-21','West'),('T0442','Unknown','2024-10-03','East'),('T0443','C042','2024-08-01','West'),('T0444','C044','2024-04-26','East'),('T0445','C019','2025-04-24','West'),('T0446','C050','2024-06-30','East'),('T0447','C019','2025-07-02','East'),('T0448','C034','2024-02-10','West'),('T0449','Unknown','2024-09-05','South'),('T0450','C005','2024-03-04','North'),('T0451','C019','2024-03-16','North'),('T0452','C030','2024-02-21','East'),('T0453','C045','2025-02-08','North'),('T0454','C022','2025-03-15','South'),('T0455','C020','2024-04-27','North'),('T0456','C014','2024-10-04','North'),('T0457','C019','2025-01-01','South'),('T0458','C032','2025-05-05','West'),('T0459','C004','2025-03-28','North'),('T0460','C045','2024-03-11','West'),('T0461','C050','2024-10-29','West'),('T0462','Unknown','2024-03-12','South'),('T0463','C038','2024-10-23','South'),('T0464','C013','2024-09-13','East'),('T0465','C017','2024-08-23','South'),('T0466','C026','2024-10-03','West'),('T0467','C019','2025-08-11','North'),('T0468','C009','2025-01-08','West'),('T0469','C021','2024-06-09','East'),('T0470','C032','2024-02-11','East'),('T0471','C008','2024-11-09','South'),('T0472','C030','2025-07-08','East'),('T0473','C024','2025-03-06','South'),('T0474','C044','2024-11-28','South'),('T0475','Unknown','2025-04-15','East'),('T0476','C027','2025-01-31','East'),('T0477','C029','2025-07-06','South'),('T0478','C019','2024-08-09','East'),('T0479','C035','2025-04-15','South'),('T0480','C011','2024-04-12','South'),('T0481','Unknown','2024-11-24','East'),('T0482','C015','2024-09-23','East'),('T0483','C050','2025-07-08','North'),('T0484','C019','2025-07-27','North'),('T0485','C044','2024-12-23','East'),('T0486','Unknown','2024-02-26','South'),('T0487','C023','2024-05-13','West'),('T0488','C036','2024-06-17','West'),('T0489','C040','2024-02-15','North'),('T0490','C037','2024-08-12','West'),('T0491','Unknown','2024-05-17','East'),('T0492','C001','2025-03-15','East'),('T0493','C001','2024-09-08','East'),('T0494','C038','2024-06-19','North'),('T0495','C025','2025-01-16','South'),('T0496','C030','2025-06-29','West'),('T0497','Unknown','2025-05-14','North'),('T0498','C030','2024-06-06','North'),('T0499','Unknown','2025-04-24','North'),('T0500','C007','2024-01-07','West');
/*!40000 ALTER TABLE `transactions` ENABLE KEYS */;
UNLOCK TABLES;
/*!40103 SET TIME_ZONE=@OLD_TIME_ZONE */;

/*!40101 SET SQL_MODE=@OLD_SQL_MODE */;
/*!40014 SET FOREIGN_KEY_CHECKS=@OLD_FOREIGN_KEY_CHECKS */;
/*!40014 SET UNIQUE_CHECKS=@OLD_UNIQUE_CHECKS */;
/*!40101 SET CHARACTER_SET_CLIENT=@OLD_CHARACTER_SET_CLIENT */;
/*!40101 SET CHARACTER_SET_RESULTS=@OLD_CHARACTER_SET_RESULTS */;
/*!40101 SET COLLATION_CONNECTION=@OLD_COLLATION_CONNECTION */;
/*!40111 SET SQL_NOTES=@OLD_SQL_NOTES */;

-- Dump completed on 2025-08-17 10:23:58
